{
  "hash": "0ef3b558",
  "configHash": "30998424",
  "lockfileHash": "8177f3c1",
  "browserHash": "aa5829f8",
  "optimized": {
    "@angular/common": {
      "src": "../../../../../node_modules/@angular/common/fesm2022/common.mjs",
      "file": "@angular_common.js",
      "fileHash": "f09742f6",
      "needsInterop": false
    },
    "@angular/common/http": {
      "src": "../../../../../node_modules/@angular/common/fesm2022/http.mjs",
      "file": "@angular_common_http.js",
      "fileHash": "83f7fca5",
      "needsInterop": false
    },
    "@angular/core": {
      "src": "../../../../../node_modules/@angular/core/fesm2022/core.mjs",
      "file": "@angular_core.js",
      "fileHash": "581279a5",
      "needsInterop": false
    },
    "@angular/forms": {
      "src": "../../../../../node_modules/@angular/forms/fesm2022/forms.mjs",
      "file": "@angular_forms.js",
      "fileHash": "4757a085",
      "needsInterop": false
    },
    "@angular/material/button": {
      "src": "../../../../../node_modules/@angular/material/fesm2022/button.mjs",
      "file": "@angular_material_button.js",
      "fileHash": "a6f76b3b",
      "needsInterop": false
    },
    "@angular/material/dialog": {
      "src": "../../../../../node_modules/@angular/material/fesm2022/dialog.mjs",
      "file": "@angular_material_dialog.js",
      "fileHash": "32aa2434",
      "needsInterop": false
    },
    "@angular/platform-browser": {
      "src": "../../../../../node_modules/@angular/platform-browser/fesm2022/platform-browser.mjs",
      "file": "@angular_platform-browser.js",
      "fileHash": "07184a06",
      "needsInterop": false
    },
    "@angular/platform-browser/animations": {
      "src": "../../../../../node_modules/@angular/platform-browser/fesm2022/animations.mjs",
      "file": "@angular_platform-browser_animations.js",
      "fileHash": "25117a26",
      "needsInterop": false
    },
    "@angular/platform-browser/animations/async": {
      "src": "../../../../../node_modules/@angular/platform-browser/fesm2022/animations/async.mjs",
      "file": "@angular_platform-browser_animations_async.js",
      "fileHash": "4cad7c1a",
      "needsInterop": false
    },
    "@angular/platform-server": {
      "src": "../../../../../node_modules/@angular/platform-server/fesm2022/platform-server.mjs",
      "file": "@angular_platform-server.js",
      "fileHash": "5694dc4c",
      "needsInterop": false
    },
    "@angular/router": {
      "src": "../../../../../node_modules/@angular/router/fesm2022/router.mjs",
      "file": "@angular_router.js",
      "fileHash": "9645d131",
      "needsInterop": false
    },
    "ngx-toastr": {
      "src": "../../../../../node_modules/ngx-toastr/fesm2022/ngx-toastr.mjs",
      "file": "ngx-toastr.js",
      "fileHash": "f2ece668",
      "needsInterop": false
    },
    "rxjs": {
      "src": "../../../../../node_modules/rxjs/dist/cjs/index.js",
      "file": "rxjs.js",
      "fileHash": "67017d9e",
      "needsInterop": true
    },
    "rxjs/operators": {
      "src": "../../../../../node_modules/rxjs/dist/cjs/operators/index.js",
      "file": "rxjs_operators.js",
      "fileHash": "c3d8e280",
      "needsInterop": true
    },
    "socket.io-client": {
      "src": "../../../../../node_modules/socket.io-client/build/esm-debug/index.js",
      "file": "socket__io-client.js",
      "fileHash": "30e1a4cd",
      "needsInterop": false
    }
  },
  "chunks": {
    "xhr2-EIATKSY6": {
      "file": "xhr2-EIATKSY6.js"
    },
    "browser-XMIAOXUS": {
      "file": "browser-XMIAOXUS.js"
    },
    "chunk-ZCRK2GZX": {
      "file": "chunk-ZCRK2GZX.js"
    },
    "chunk-ABFNOLXB": {
      "file": "chunk-ABFNOLXB.js"
    },
    "chunk-CIKKADTV": {
      "file": "chunk-CIKKADTV.js"
    },
    "chunk-UUENCTTU": {
      "file": "chunk-UUENCTTU.js"
    },
    "chunk-5ZQCAXUB": {
      "file": "chunk-5ZQCAXUB.js"
    },
    "chunk-44W7MHPD": {
      "file": "chunk-44W7MHPD.js"
    },
    "chunk-6WT4BXUU": {
      "file": "chunk-6WT4BXUU.js"
    },
    "chunk-L7T36SQB": {
      "file": "chunk-L7T36SQB.js"
    },
    "chunk-ZCAARMLP": {
      "file": "chunk-ZCAARMLP.js"
    },
    "chunk-6VP3O3YG": {
      "file": "chunk-6VP3O3YG.js"
    },
    "chunk-EQDNXYDC": {
      "file": "chunk-EQDNXYDC.js"
    },
    "chunk-LDODSSGN": {
      "file": "chunk-LDODSSGN.js"
    }
  }
}