{
  "hash": "c81a0ca0",
  "configHash": "9472b73c",
  "lockfileHash": "8177f3c1",
  "browserHash": "55ae1334",
  "optimized": {
    "@angular/common": {
      "src": "../../../../../node_modules/@angular/common/fesm2022/common.mjs",
      "file": "@angular_common.js",
      "fileHash": "df8855a1",
      "needsInterop": false
    },
    "@angular/common/http": {
      "src": "../../../../../node_modules/@angular/common/fesm2022/http.mjs",
      "file": "@angular_common_http.js",
      "fileHash": "e449080c",
      "needsInterop": false
    },
    "@angular/core": {
      "src": "../../../../../node_modules/@angular/core/fesm2022/core.mjs",
      "file": "@angular_core.js",
      "fileHash": "b835b810",
      "needsInterop": false
    },
    "@angular/forms": {
      "src": "../../../../../node_modules/@angular/forms/fesm2022/forms.mjs",
      "file": "@angular_forms.js",
      "fileHash": "332cac14",
      "needsInterop": false
    },
    "@angular/material/button": {
      "src": "../../../../../node_modules/@angular/material/fesm2022/button.mjs",
      "file": "@angular_material_button.js",
      "fileHash": "c387a5c1",
      "needsInterop": false
    },
    "@angular/material/dialog": {
      "src": "../../../../../node_modules/@angular/material/fesm2022/dialog.mjs",
      "file": "@angular_material_dialog.js",
      "fileHash": "cfa2d546",
      "needsInterop": false
    },
    "@angular/platform-browser": {
      "src": "../../../../../node_modules/@angular/platform-browser/fesm2022/platform-browser.mjs",
      "file": "@angular_platform-browser.js",
      "fileHash": "17fe7659",
      "needsInterop": false
    },
    "@angular/platform-browser/animations": {
      "src": "../../../../../node_modules/@angular/platform-browser/fesm2022/animations.mjs",
      "file": "@angular_platform-browser_animations.js",
      "fileHash": "82f949ae",
      "needsInterop": false
    },
    "@angular/platform-browser/animations/async": {
      "src": "../../../../../node_modules/@angular/platform-browser/fesm2022/animations/async.mjs",
      "file": "@angular_platform-browser_animations_async.js",
      "fileHash": "b84b0fe4",
      "needsInterop": false
    },
    "@angular/router": {
      "src": "../../../../../node_modules/@angular/router/fesm2022/router.mjs",
      "file": "@angular_router.js",
      "fileHash": "96b4c390",
      "needsInterop": false
    },
    "ngx-toastr": {
      "src": "../../../../../node_modules/ngx-toastr/fesm2022/ngx-toastr.mjs",
      "file": "ngx-toastr.js",
      "fileHash": "13f2eeec",
      "needsInterop": false
    },
    "rxjs": {
      "src": "../../../../../node_modules/rxjs/dist/esm5/index.js",
      "file": "rxjs.js",
      "fileHash": "3dc001bb",
      "needsInterop": false
    },
    "rxjs/operators": {
      "src": "../../../../../node_modules/rxjs/dist/esm5/operators/index.js",
      "file": "rxjs_operators.js",
      "fileHash": "cfedbcbb",
      "needsInterop": false
    },
    "socket.io-client": {
      "src": "../../../../../node_modules/socket.io-client/build/esm/index.js",
      "file": "socket__io-client.js",
      "fileHash": "29edef86",
      "needsInterop": false
    }
  },
  "chunks": {
    "browser-FRWFDYWH": {
      "file": "browser-FRWFDYWH.js"
    },
    "chunk-JRWJAG6L": {
      "file": "chunk-JRWJAG6L.js"
    },
    "chunk-PJJMF6CV": {
      "file": "chunk-PJJMF6CV.js"
    },
    "chunk-BBAJ2JN4": {
      "file": "chunk-BBAJ2JN4.js"
    },
    "chunk-NMR56RA2": {
      "file": "chunk-NMR56RA2.js"
    },
    "chunk-4DACWLHQ": {
      "file": "chunk-4DACWLHQ.js"
    },
    "chunk-NU7CBCE4": {
      "file": "chunk-NU7CBCE4.js"
    },
    "chunk-QF4HIGJG": {
      "file": "chunk-QF4HIGJG.js"
    },
    "chunk-5X3OOUUX": {
      "file": "chunk-5X3OOUUX.js"
    },
    "chunk-TFMRLFGK": {
      "file": "chunk-TFMRLFGK.js"
    },
    "chunk-KQP4K3F6": {
      "file": "chunk-KQP4K3F6.js"
    },
    "chunk-XWLXMCJQ": {
      "file": "chunk-XWLXMCJQ.js"
    }
  }
}